objectid,filename,uwyc identifier,title,creator,date_created,description,subject,latitude,longitude,source,format,credit,rights
uw42623,uw42623.jpg,,C-Lark in Union Bay,unknown,1965-02,"Photograph of two people sailing a C-Lark in Union Bay. The C-Lark was first built in 1964 by the Clark Boat Company in Kent, Washington. ",C-Lark,47.64844023,-122.2986209,"Accession No. 6421-001, Box 2, University of Washington Yacht Club records, Slide Box 1",image/jpeg,"University of Washington Libraries, Special Collections, UW42623.","Educational use includes non-commercial use of text and images in materials for teaching and research purposes. Digital reproduction rights granted by the University of Washington Libraries. For other uses beyond free use, please contact University of Washington Libraries, Special Collections. "
uw42624,uw42624.jpg,,C-Lark in Union Bay,unknown,1965-02,"Photograph of two people sailing a C-Lark in Union Bay. The C-Lark was first built in 1964 by the Clark Boat Company in Kent, Washington. ",C-Lark,47.64844023,-122.2986209,"Accession No. 6421-001, Box 2, University of Washington Yacht Club records, Slide Box 1",image/jpeg,"University of Washington Libraries, Special Collections, UW42624.","Educational use includes non-commercial use of text and images in materials for teaching and research purposes. Digital reproduction rights granted by the University of Washington Libraries. For other uses beyond free use, please contact University of Washington Libraries, Special Collections. "
uw42625,uw42625.jpg,,C-Lark in Union Bay,unknown,1965-02,"Photograph of two people sailing a C-Lark in Union Bay. The C-Lark was first built in 1964 by the Clark Boat Company in Kent, Washington. ",C-Lark,47.64844023,-122.2986209,"Accession No. 6421-001, Box 2, University of Washington Yacht Club records, Slide Box 1",image/jpeg,"University of Washington Libraries, Special Collections, UW42624.","Educational use includes non-commercial use of text and images in materials for teaching and research purposes. Digital reproduction rights granted by the University of Washington Libraries. For other uses beyond free use, please contact University of Washington Libraries, Special Collections. "
uw42639,uw42639.jpg,,Rigging a Sailboat,unknown,1967-03,Photograph of a club member rigging a docked boat at the University of Washington Waterfront Activities Center dock. ,,47.64844023,-122.2986209,"Accession No. 6421-001, Box 2, University of Washington Yacht Club records, Slide Box 1",image/jpeg,"University of Washington Libraries, Special Collections, UW42639.","Educational use includes non-commercial use of text and images in materials for teaching and research purposes. Digital reproduction rights granted by the University of Washington Libraries. For other uses beyond free use, please contact University of Washington Libraries, Special Collections. "
uw42641,uw42641.jpg,,Whaler in Union Bay,unknown,1981-02,Photograph of a club member driving a whaler in Union Bay,Whaler,47.64844023,-122.2986209,"Accession No. 6421-001, Box 2, University of Washington Yacht Club records, Slide Box 1",image/jpeg,"University of Washington Libraries, Special Collections, UW42641.","Educational use includes non-commercial use of text and images in materials for teaching and research purposes. Digital reproduction rights granted by the University of Washington Libraries. For other uses beyond free use, please contact University of Washington Libraries, Special Collections. "
uw42642,uw42642.jpg,,Rigging a Sailboard,unknown,1987-07,Photograph of people rigging sailboards to windsurf on Union Bay. Behind is the Associated Students of the University of Washington Shell House. ,Windsurfing,47.64844023,-122.2986209,"Accession No. 6421-001, Box 2, University of Washington Yacht Club records, Slide Box 1",image/jpeg,"University of Washington Libraries, Special Collections, UW42642.","Educational use includes non-commercial use of text and images in materials for teaching and research purposes. Digital reproduction rights granted by the University of Washington Libraries. For other uses beyond free use, please contact University of Washington Libraries, Special Collections. "
uw42643,uw42643.jpg,,Catamaran Capsize Maneuver ,unknown,,"Photograph of a sailor performing the capasize maneuver with a catamaran, with a whaler watching nearby on Union Bay. ",Catamaran,47.64844023,-122.2986209,"Accession No. 6421-001, Box 2, University of Washington Yacht Club records, Slide Box 1",image/jpeg,"University of Washington Libraries, Special Collections, UW42643.","Educational use includes non-commercial use of text and images in materials for teaching and research purposes. Digital reproduction rights granted by the University of Washington Libraries. For other uses beyond free use, please contact University of Washington Libraries, Special Collections. "
uw42644,uw42644.jpg,,Catamaran Capsize Maneuver ,unknown,,"Photograph of a sailor performing the capasize maneuver with a catamaran, with a whaler watching nearby on Union Bay. ",Catamaran,47.64844023,-122.2986209,"Accession No. 6421-001, Box 2, University of Washington Yacht Club records, Slide Box 1",image/jpeg,"University of Washington Libraries, Special Collections, UW42644.","Educational use includes non-commercial use of text and images in materials for teaching and research purposes. Digital reproduction rights granted by the University of Washington Libraries. For other uses beyond free use, please contact University of Washington Libraries, Special Collections. "
uw42646,uw42646.jpg,A-12,Using a Dolly to Move a Boat,unknown,1965-02,Photograph of club members using a dolly to move a sailboat from the water into the Associated Students of the University of Washington Shell House.,ASUW Shell House,47.64791813,-122.2999433,"Accession No. 6421-001, Box 2, University of Washington Yacht Club records, Slide Box 1",image/jpeg,"University of Washington Libraries, Special Collections, UW42646.","Educational use includes non-commercial use of text and images in materials for teaching and research purposes. Digital reproduction rights granted by the University of Washington Libraries. For other uses beyond free use, please contact University of Washington Libraries, Special Collections. "
uw42647,uw42647.jpg,B-12,Inserting Battens,unknown,,Photograph of battens being inserted into the sail. ,,47.64791813,-122.2999433,"Accession No. 6421-001, Box 2, University of Washington Yacht Club records, Slide Box 1",image/jpeg,"University of Washington Libraries, Special Collections, UW42647.","Educational use includes non-commercial use of text and images in materials for teaching and research purposes. Digital reproduction rights granted by the University of Washington Libraries. For other uses beyond free use, please contact University of Washington Libraries, Special Collections. "
uw42648,uw42648.jpg,,Two Penguin Boats,unknown,1965-02,Photograph of two Penguin sailboats. The Penguin was designed by Philip Rhodes and first built in 1939. ,Penguin,,,"Accession No. 6421-001, Box 2, University of Washington Yacht Club records, Slide Box 1",image/jpeg,"University of Washington Libraries, Special Collections, UW42648.","Educational use includes non-commercial use of text and images in materials for teaching and research purposes. Digital reproduction rights granted by the University of Washington Libraries. For other uses beyond free use, please contact University of Washington Libraries, Special Collections. "
uw42650,uw42650.jpg,,C-Lark in Union Bay,unknown,1965-02,Photograph of three people in a C-Lark on Union Bay. ,C-Lark,47.64844023,-122.2986209,"Accession No. 6421-001, Box 2, University of Washington Yacht Club records, Slide Box 1",image/jpeg,"University of Washington Libraries, Special Collections, UW42650.","Educational use includes non-commercial use of text and images in materials for teaching and research purposes. Digital reproduction rights granted by the University of Washington Libraries. For other uses beyond free use, please contact University of Washington Libraries, Special Collections. "
uw42651,uw42651.jpg,,Hiking Out ,unknown,1960-09,Photograph of two people hiking out in a sailboat in Union Bay. ,,47.64844023,-122.2986209,"Accession No. 6421-001, Box 2, University of Washington Yacht Club records, Slide Box 1",image/jpeg,"University of Washington Libraries, Special Collections, UW42651.","Educational use includes non-commercial use of text and images in materials for teaching and research purposes. Digital reproduction rights granted by the University of Washington Libraries. For other uses beyond free use, please contact University of Washington Libraries, Special Collections. "
uw42652,uw42652.jpg,,Sailing in Union Bay,unknown,1967-03,Photograph of a person sailing on Union Bay,,47.64844023,-122.2986209,"Accession No. 6421-001, Box 2, University of Washington Yacht Club records, Slide Box 1",image/jpeg,"University of Washington Libraries, Special Collections, UW42652.","Educational use includes non-commercial use of text and images in materials for teaching and research purposes. Digital reproduction rights granted by the University of Washington Libraries. For other uses beyond free use, please contact University of Washington Libraries, Special Collections. "
uw42653,uw42653.jpg,,Boats on a Dock,unknown,1988-02,Photograph of boats on a dock with people in lifejackets. ,,47.64844023,-122.2986209,"Accession No. 6421-001, Box 2, University of Washington Yacht Club records, Slide Box 1",image/jpeg,"University of Washington Libraries, Special Collections, UW42653.","Educational use includes non-commercial use of text and images in materials for teaching and research purposes. Digital reproduction rights granted by the University of Washington Libraries. For other uses beyond free use, please contact University of Washington Libraries, Special Collections. "
uw42654,uw42654.jpg,,Windsurfing,unknown,1988-02,Photograph of a person windsurfing,Windsurfing,47.64844023,-122.2986209,"Accession No. 6421-001, Box 2, University of Washington Yacht Club records, Slide Box 1",image/jpeg,"University of Washington Libraries, Special Collections, UW42654.","Educational use includes non-commercial use of text and images in materials for teaching and research purposes. Digital reproduction rights granted by the University of Washington Libraries. For other uses beyond free use, please contact University of Washington Libraries, Special Collections. "
uw42655,uw42655.jpg,D-4,Boat Repair,unknown,,Photograph of two people repairing a boat in front of the Associated Students of the University of Washington Shell House.,ASUW Shell House,47.64791813,-122.2999433,"Accession No. 6421-001, Box 2, University of Washington Yacht Club records, Slide Box 1",image/jpeg,"University of Washington Libraries, Special Collections, UW42655.","Educational use includes non-commercial use of text and images in materials for teaching and research purposes. Digital reproduction rights granted by the University of Washington Libraries. For other uses beyond free use, please contact University of Washington Libraries, Special Collections. "
uw42657,uw42657.jpg,,Rigging a Sailboat,unknown,1988-02,Photograph of two people rigging a sailboat. ,,47.64844023,-122.2986209,"Accession No. 6421-001, Box 2, University of Washington Yacht Club records, Slide Box 1",image/jpeg,"University of Washington Libraries, Special Collections, UW42657.","Educational use includes non-commercial use of text and images in materials for teaching and research purposes. Digital reproduction rights granted by the University of Washington Libraries. For other uses beyond free use, please contact University of Washington Libraries, Special Collections. "
uw42658,uw42658.jpg,,International 420,unknown,1988-02,Photograph of two people sailing an International 420 on Union Bay. ,International 420,47.64844023,-122.2986209,"Accession No. 6421-001, Box 2, University of Washington Yacht Club records, Slide Box 1",image/jpeg,"University of Washington Libraries, Special Collections, UW42658.","Educational use includes non-commercial use of text and images in materials for teaching and research purposes. Digital reproduction rights granted by the University of Washington Libraries. For other uses beyond free use, please contact University of Washington Libraries, Special Collections. "
uw42659,uw42659.jpg,,Sailboat and Sailboard,unknown,1988-02,Photograph of a windsurfer and sailboat on Union Bay,,47.64844023,-122.2986209,"Accession No. 6421-001, Box 2, University of Washington Yacht Club records, Slide Box 1",image/jpeg,"University of Washington Libraries, Special Collections, UW42659.","Educational use includes non-commercial use of text and images in materials for teaching and research purposes. Digital reproduction rights granted by the University of Washington Libraries. For other uses beyond free use, please contact University of Washington Libraries, Special Collections. "
uw42660,uw42660.jpg,,Sailboat and Sailboard,unknown,1988-02,Photograph of a windsurfer and sailboat on Union Bay,,47.64844023,-122.2986209,"Accession No. 6421-001, Box 2, University of Washington Yacht Club records, Slide Box 1",image/jpeg,"University of Washington Libraries, Special Collections, UW42660.","Educational use includes non-commercial use of text and images in materials for teaching and research purposes. Digital reproduction rights granted by the University of Washington Libraries. For other uses beyond free use, please contact University of Washington Libraries, Special Collections. "
uw42661,uw42661.jpg,,Two Sailboats on Union Bay,unknown,,Photograph of two boats on Union Bay,,47.64844023,-122.2986209,"Accession No. 6421-001, Box 2, University of Washington Yacht Club records, Slide Box 1",image/jpeg,"University of Washington Libraries, Special Collections, UW42661.","Educational use includes non-commercial use of text and images in materials for teaching and research purposes. Digital reproduction rights granted by the University of Washington Libraries. For other uses beyond free use, please contact University of Washington Libraries, Special Collections. "
uw42662,uw42662.jpg,,Two Sailboats on Union Bay,unknown,,Photograph of two boats on Union Bay,,47.64844023,-122.2986209,"Accession No. 6421-001, Box 2, University of Washington Yacht Club records, Slide Box 1",image/jpeg,"University of Washington Libraries, Special Collections, UW42662.","Educational use includes non-commercial use of text and images in materials for teaching and research purposes. Digital reproduction rights granted by the University of Washington Libraries. For other uses beyond free use, please contact University of Washington Libraries, Special Collections. "
uw42663,uw42663.jpg,,Sailboat on Union Bay,unknown,,Photograph of a sailboat with spinnaker on Union Bay. ,,47.64844023,-122.2986209,"Accession No. 6421-001, Box 2, University of Washington Yacht Club records, Slide Box 1",image/jpeg,"University of Washington Libraries, Special Collections, UW42663.","Educational use includes non-commercial use of text and images in materials for teaching and research purposes. Digital reproduction rights granted by the University of Washington Libraries. For other uses beyond free use, please contact University of Washington Libraries, Special Collections. "
uw42664,uw42664.jpg,,Hiking Out,unknown,,Photograph of a person hiking out on a sailboat. ,,47.64844023,-122.2986209,"Accession No. 6421-001, Box 2, University of Washington Yacht Club records, Slide Box 1",image/jpeg,"University of Washington Libraries, Special Collections, UW42664.","Educational use includes non-commercial use of text and images in materials for teaching and research purposes. Digital reproduction rights granted by the University of Washington Libraries. For other uses beyond free use, please contact University of Washington Libraries, Special Collections. "
uw42684,uw42684.jpg,,Two Boats on Union Bay,unknown,,Photograph of two boats on Union Bay. ,International 420,47.64844023,-122.2986209,"Accession No. 6421-001, Box 2, University of Washington Yacht Club records, Slide Box 1",image/jpeg,"University of Washington Libraries, Special Collections, UW42684.","Educational use includes non-commercial use of text and images in materials for teaching and research purposes. Digital reproduction rights granted by the University of Washington Libraries. For other uses beyond free use, please contact University of Washington Libraries, Special Collections. "
uw42685,uw42685.jpg,,Boat Departing Dock,unknown,,Photograph of two people in an International 420 departing the dock. ,International 420,47.64844023,-122.2986209,"Accession No. 6421-001, Box 2, University of Washington Yacht Club records, Slide Box 1",image/jpeg,"University of Washington Libraries, Special Collections, UW42685.","Educational use includes non-commercial use of text and images in materials for teaching and research purposes. Digital reproduction rights granted by the University of Washington Libraries. For other uses beyond free use, please contact University of Washington Libraries, Special Collections. "
uw42686,uw42686.jpg,,Boat on Union Bay,unknown,,Photograph of a sailboat on Union Bay,,47.64844023,-122.2986209,"Accession No. 6421-001, Box 2, University of Washington Yacht Club records, Slide Box 1",image/jpeg,"University of Washington Libraries, Special Collections, UW42686.","Educational use includes non-commercial use of text and images in materials for teaching and research purposes. Digital reproduction rights granted by the University of Washington Libraries. For other uses beyond free use, please contact University of Washington Libraries, Special Collections. "
uw42686_2,uw42686_2.jpg,,Hiking Out,unknown,,Photograph of two people hiking out on Union Bay,,47.64844023,-122.2986209,"Accession No. 6421-001, Box 2, University of Washington Yacht Club records, Slide Box 1",image/jpeg,"University of Washington Libraries, Special Collections, UW42686_2.","Educational use includes non-commercial use of text and images in materials for teaching and research purposes. Digital reproduction rights granted by the University of Washington Libraries. For other uses beyond free use, please contact University of Washington Libraries, Special Collections. "
uw42687,uw42687.jpg,,Boat Departing Dock,unknown,,Photograph of two people in an International 420 departing the dock. ,International 420,47.64844023,-122.2986209,"Accession No. 6421-001, Box 2, University of Washington Yacht Club records, Slide Box 1",image/jpeg,"University of Washington Libraries, Special Collections, UW42687.","Educational use includes non-commercial use of text and images in materials for teaching and research purposes. Digital reproduction rights granted by the University of Washington Libraries. For other uses beyond free use, please contact University of Washington Libraries, Special Collections. "
uw42690,uw42690.jpg,D-10,Husky,unknown,,Photograph of two people sailing a Husky sailboat. ,Husky,47.64844023,-122.2986209,"Accession No. 6421-001, Box 2, University of Washington Yacht Club records, Slide Box 1",image/jpeg,"University of Washington Libraries, Special Collections, UW42690.","Educational use includes non-commercial use of text and images in materials for teaching and research purposes. Digital reproduction rights granted by the University of Washington Libraries. For other uses beyond free use, please contact University of Washington Libraries, Special Collections. "
uw42691,uw42691.jpg,D-9,SolCat 18,unknown,,Photograph of two people sailing a SolCat 18 catamaran,SolCat 18; Catamaran,47.64844023,-122.2986209,"Accession No. 6421-001, Box 2, University of Washington Yacht Club records, Slide Box 1",image/jpeg,"University of Washington Libraries, Special Collections, UW42691.","Educational use includes non-commercial use of text and images in materials for teaching and research purposes. Digital reproduction rights granted by the University of Washington Libraries. For other uses beyond free use, please contact University of Washington Libraries, Special Collections. "
uw42692,uw42692.jpg,,Two Boats on Union Bay,unknown,,Photograph of two sailboats on Union Bay,,47.64844023,-122.2986209,"Accession No. 6421-001, Box 2, University of Washington Yacht Club records, Slide Box 1",image/jpeg,"University of Washington Libraries, Special Collections, UW42692.","Educational use includes non-commercial use of text and images in materials for teaching and research purposes. Digital reproduction rights granted by the University of Washington Libraries. For other uses beyond free use, please contact University of Washington Libraries, Special Collections. "
uw42693,uw42693.jpg,D-6,Lightning,unknown,,Photograph of a Lightning sailboat. ,Lightning,47.64844023,-122.2986209,"Accession No. 6421-001, Box 2, University of Washington Yacht Club records, Slide Box 1",image/jpeg,"University of Washington Libraries, Special Collections, UW42693.","Educational use includes non-commercial use of text and images in materials for teaching and research purposes. Digital reproduction rights granted by the University of Washington Libraries. For other uses beyond free use, please contact University of Washington Libraries, Special Collections. "
uw42694,uw42694.jpg,D-5,Tanzer 16,unknown,,Photograph of a Tanzer 16 sailboat on Union Bay. ,Tanzer 16,47.64844023,-122.2986209,"Accession No. 6421-001, Box 2, University of Washington Yacht Club records, Slide Box 1",image/jpeg,"University of Washington Libraries, Special Collections, UW42694.","Educational use includes non-commercial use of text and images in materials for teaching and research purposes. Digital reproduction rights granted by the University of Washington Libraries. For other uses beyond free use, please contact University of Washington Libraries, Special Collections. "
uw42695,uw42695.jpg,,Double-handed Sailing,unknown,,Photograph of double-handed sailing. ,,,,"Accession No. 6421-001, Box 2, University of Washington Yacht Club records, Slide Box 1",image/jpeg,"University of Washington Libraries, Special Collections, UW42695.","Educational use includes non-commercial use of text and images in materials for teaching and research purposes. Digital reproduction rights granted by the University of Washington Libraries. For other uses beyond free use, please contact University of Washington Libraries, Special Collections. "
uw42725,uw42725.jpg,,Daysailing,unknown,1987-05,Photograph of five people in a daysailer. ,Daysailer,,,"Accession No. 6421-001, Box 2, University of Washington Yacht Club records, Slide Box 1",image/jpeg,"University of Washington Libraries, Special Collections, UW42725.","Educational use includes non-commercial use of text and images in materials for teaching and research purposes. Digital reproduction rights granted by the University of Washington Libraries. For other uses beyond free use, please contact University of Washington Libraries, Special Collections. "
uw42726,uw42726.jpg,,Sailing in Lake Union,unknown,1987-05,Photograph of two people sailing in Lake Union. ,,47.64161027,-122.3331249,"Accession No. 6421-001, Box 2, University of Washington Yacht Club records, Slide Box 1",image/jpeg,"University of Washington Libraries, Special Collections, UW42726.","Educational use includes non-commercial use of text and images in materials for teaching and research purposes. Digital reproduction rights granted by the University of Washington Libraries. For other uses beyond free use, please contact University of Washington Libraries, Special Collections. "
uw42727,uw42727.jpg,,Sailboat and Container Ship,unknown,1987-07,Photograph of a sailboat near a Hyundai container ship,,,,"Accession No. 6421-001, Box 2, University of Washington Yacht Club records, Slide Box 1",image/jpeg,"University of Washington Libraries, Special Collections, UW42727.","Educational use includes non-commercial use of text and images in materials for teaching and research purposes. Digital reproduction rights granted by the University of Washington Libraries. For other uses beyond free use, please contact University of Washington Libraries, Special Collections. "
uw42728,uw42728.jpg,,Catamaran and Sailboat,unknown,1987-07,Photograph of a sailboat and a catamaran. ,Catamaran,,,"Accession No. 6421-001, Box 2, University of Washington Yacht Club records, Slide Box 1",image/jpeg,"University of Washington Libraries, Special Collections, UW42728.","Educational use includes non-commercial use of text and images in materials for teaching and research purposes. Digital reproduction rights granted by the University of Washington Libraries. For other uses beyond free use, please contact University of Washington Libraries, Special Collections. "
uw42729,uw42729.jpg,,Sailboat with Motor,unknown,1987-07,Photograph of a sailboat with motor. ,,,,"Accession No. 6421-001, Box 2, University of Washington Yacht Club records, Slide Box 1",image/jpeg,"University of Washington Libraries, Special Collections, UW42729.","Educational use includes non-commercial use of text and images in materials for teaching and research purposes. Digital reproduction rights granted by the University of Washington Libraries. For other uses beyond free use, please contact University of Washington Libraries, Special Collections. "
uw42730,uw42730.jpg,,Sailing a Keelboat,unknown,,Photograph of people on a keelboat,Keelboat,,,"Accession No. 6421-001, Box 2, University of Washington Yacht Club records, Slide Box 1",image/jpeg,"University of Washington Libraries, Special Collections, UW42730.","Educational use includes non-commercial use of text and images in materials for teaching and research purposes. Digital reproduction rights granted by the University of Washington Libraries. For other uses beyond free use, please contact University of Washington Libraries, Special Collections. "
uw42732,uw42732.jpg,,Three People in a Sailboat,unknown,,Photograph of three people in a sailboat in Lake Union,,47.64161027,-122.3331249,"Accession No. 6421-001, Box 2, University of Washington Yacht Club records, Slide Box 1",image/jpeg,"University of Washington Libraries, Special Collections, UW42732.","Educational use includes non-commercial use of text and images in materials for teaching and research purposes. Digital reproduction rights granted by the University of Washington Libraries. For other uses beyond free use, please contact University of Washington Libraries, Special Collections. "
uw42733,uw42733.jpg,,Keelboat on a Sunny Day,unknown,1987-08-08,Photograph of five people in a keelboat on a sunny day. ,Keelboat,,,"Accession No. 6421-001, Box 2, University of Washington Yacht Club records, Slide Box 1",image/jpeg,"University of Washington Libraries, Special Collections, UW42733.","Educational use includes non-commercial use of text and images in materials for teaching and research purposes. Digital reproduction rights granted by the University of Washington Libraries. For other uses beyond free use, please contact University of Washington Libraries, Special Collections. "
uw42734,uw42734.jpg,,Sitting on the Boom,unknown,,Photograph of a person sitting on the boom of a sailboat. ,,,,"Accession No. 6421-001, Box 2, University of Washington Yacht Club records, Slide Box 1",image/jpeg,"University of Washington Libraries, Special Collections, UW42734.","Educational use includes non-commercial use of text and images in materials for teaching and research purposes. Digital reproduction rights granted by the University of Washington Libraries. For other uses beyond free use, please contact University of Washington Libraries, Special Collections. "
uw42735,uw42735.jpg,,Sailboats in Lake Union,unknown,1987-05,Photograph of two sailboats with Aurora Bridge and Fremont Bridge in the background. ,,47.64647226,-122.3455972,"Accession No. 6421-001, Box 2, University of Washington Yacht Club records, Slide Box 1",image/jpeg,"University of Washington Libraries, Special Collections, UW42735.","Educational use includes non-commercial use of text and images in materials for teaching and research purposes. Digital reproduction rights granted by the University of Washington Libraries. For other uses beyond free use, please contact University of Washington Libraries, Special Collections. "
uw42736,uw42736.jpg,,Beam Reach,unknown,1965-03,Photograph of two people sailing in a boat at beam reach. ,,,,"Accession No. 6421-001, Box 2, University of Washington Yacht Club records, Slide Box 1",image/jpeg,"University of Washington Libraries, Special Collections, UW42736.","Educational use includes non-commercial use of text and images in materials for teaching and research purposes. Digital reproduction rights granted by the University of Washington Libraries. For other uses beyond free use, please contact University of Washington Libraries, Special Collections. "
uw42737,uw42737.jpg,,Sailing in Shilshole Bay,unknown,1987-05,Photograph of a boat with spinnaker in Shilshole Bay. ,,47.67844471,-122.4244274,"Accession No. 6421-001, Box 2, University of Washington Yacht Club records, Slide Box 1",image/jpeg,"University of Washington Libraries, Special Collections, UW42737.","Educational use includes non-commercial use of text and images in materials for teaching and research purposes. Digital reproduction rights granted by the University of Washington Libraries. For other uses beyond free use, please contact University of Washington Libraries, Special Collections. "
uw42738,uw42738.jpg,,Sailing in Lake Union,unknown,1987-05,Photograph of two boats sailing in Lake Union with Gas Works Park in the background. ,,47.64421261,-122.3372966,"Accession No. 6421-001, Box 2, University of Washington Yacht Club records, Slide Box 1",image/jpeg,"University of Washington Libraries, Special Collections, UW42738.","Educational use includes non-commercial use of text and images in materials for teaching and research purposes. Digital reproduction rights granted by the University of Washington Libraries. For other uses beyond free use, please contact University of Washington Libraries, Special Collections. "
uw42740,uw42740.jpg,,Picnic Shelter on Blake Island,unknown,1987-08-09,Photograph of a picnic shelter on Blake Island during the Snooze and Cruise trip. ,,47.53915902,-122.4934147,"Accession No. 6421-001, Box 2, University of Washington Yacht Club records, Slide Box 1",image/jpeg,"University of Washington Libraries, Special Collections, UW42740.","Educational use includes non-commercial use of text and images in materials for teaching and research purposes. Digital reproduction rights granted by the University of Washington Libraries. For other uses beyond free use, please contact University of Washington Libraries, Special Collections. "
uw42741,uw42741.jpg,,Waterfront Activities Center Dock,unknown,1987-05,Photograph of boats on the dock at the Waterfront Activities Center. ,,47.6485726,-122.2993765,"Accession No. 6421-001, Box 2, University of Washington Yacht Club records, Slide Box 1",image/jpeg,"University of Washington Libraries, Special Collections, UW42741.","Educational use includes non-commercial use of text and images in materials for teaching and research purposes. Digital reproduction rights granted by the University of Washington Libraries. For other uses beyond free use, please contact University of Washington Libraries, Special Collections. "
uw42742,uw42742.jpg,,Sailboats and Container Ship,unknown,1987-07,Photograph of sailboats near a container ship. ,,,,"Accession No. 6421-001, Box 2, University of Washington Yacht Club records, Slide Box 1",image/jpeg,"University of Washington Libraries, Special Collections, UW42742.","Educational use includes non-commercial use of text and images in materials for teaching and research purposes. Digital reproduction rights granted by the University of Washington Libraries. For other uses beyond free use, please contact University of Washington Libraries, Special Collections. "
uw42743,uw42743.jpg,,Mount Rainier and an International 420,unknown,,Photograph of an International 420 sailboat with Mount Rainier in the background. ,International 420,,,"Accession No. 6421-001, Box 2, University of Washington Yacht Club records, Slide Box 1",image/jpeg,"University of Washington Libraries, Special Collections, UW42743.","Educational use includes non-commercial use of text and images in materials for teaching and research purposes. Digital reproduction rights granted by the University of Washington Libraries. For other uses beyond free use, please contact University of Washington Libraries, Special Collections. "
uw42744,uw42744.jpg,,View from a Whaler,unknown,,Photograph of a person driving a whaler and with sailboat following.,Whaler,,,"Accession No. 6421-001, Box 2, University of Washington Yacht Club records, Slide Box 1",image/jpeg,"University of Washington Libraries, Special Collections, UW42744.","Educational use includes non-commercial use of text and images in materials for teaching and research purposes. Digital reproduction rights granted by the University of Washington Libraries. For other uses beyond free use, please contact University of Washington Libraries, Special Collections. "
uw42747,uw42747.jpg,A4,Husky with Mast Down,unknown,1965-03,Photograph of a Husky sailboat with the mast down on the ramp of the Shell House. ,Husky; ASUW Shell House,47.64791813,-122.2999433,"Accession No. 6421-001, Box 2, University of Washington Yacht Club records, Slide Box 2",image/jpeg,"University of Washington Libraries, Special Collections, UW42747.","Educational use includes non-commercial use of text and images in materials for teaching and research purposes. Digital reproduction rights granted by the University of Washington Libraries. For other uses beyond free use, please contact University of Washington Libraries, Special Collections. "
uw42748,uw42748.jpg,A5,Pulling Up the Mast,unknown,1965-02,Photograph of pulling up the mast on a Husky. ,Husky; ASUW Shell House,47.64791813,-122.2999433,"Accession No. 6421-001, Box 2, University of Washington Yacht Club records, Slide Box 2",image/jpeg,"University of Washington Libraries, Special Collections, UW42748.","Educational use includes non-commercial use of text and images in materials for teaching and research purposes. Digital reproduction rights granted by the University of Washington Libraries. For other uses beyond free use, please contact University of Washington Libraries, Special Collections. "
uw42749,uw42749.jpg,A6,Pulling Up the Mast,unknown,1965-02,Photograph of pulling up the mast on a Husky. ,Husky; ASUW Shell House,47.64791813,-122.2999433,"Accession No. 6421-001, Box 2, University of Washington Yacht Club records, Slide Box 2",image/jpeg,"University of Washington Libraries, Special Collections, UW42749.","Educational use includes non-commercial use of text and images in materials for teaching and research purposes. Digital reproduction rights granted by the University of Washington Libraries. For other uses beyond free use, please contact University of Washington Libraries, Special Collections. "
uw42750,uw42750.jpg,A7,Fastening Forestay,unknown,1965-02,Photograph of fastening the forestay of a Husky Sailboat on the ASUW Shell House ramp. ,Husky; ASUW Shell House,47.64791813,-122.2999433,"Accession No. 6421-001, Box 2, University of Washington Yacht Club records, Slide Box 2",image/jpeg,"University of Washington Libraries, Special Collections, UW42750.","Educational use includes non-commercial use of text and images in materials for teaching and research purposes. Digital reproduction rights granted by the University of Washington Libraries. For other uses beyond free use, please contact University of Washington Libraries, Special Collections. "
uw42751,uw42751.jpg,A8,Position on Dolly,unknown,1965-02,Photograph of positioning a Husky sailboat on a dolly on the Shell House ramp. ,Husky; ASUW Shell House,47.64791813,-122.2999433,"Accession No. 6421-001, Box 2, University of Washington Yacht Club records, Slide Box 2",image/jpeg,"University of Washington Libraries, Special Collections, UW42751.","Educational use includes non-commercial use of text and images in materials for teaching and research purposes. Digital reproduction rights granted by the University of Washington Libraries. For other uses beyond free use, please contact University of Washington Libraries, Special Collections. "
uw42752,uw42752.jpg,A10,Free Launch on Boat Ramp,unknown,1965-02,Photograph of launching a Husky sailboat on the ASUW Shell House boat ramp.,Husky; ASUW Shell House,47.64791813,-122.2999433,"Accession No. 6421-001, Box 2, University of Washington Yacht Club records, Slide Box 2",image/jpeg,"University of Washington Libraries, Special Collections, UW42752.","Educational use includes non-commercial use of text and images in materials for teaching and research purposes. Digital reproduction rights granted by the University of Washington Libraries. For other uses beyond free use, please contact University of Washington Libraries, Special Collections. "
uw42753,uw42753.jpg,A13,Paddling Out,unknown,1965-02,Photograph of sailors paddling out to Union Bay from the ASUW Shell House boat ramp. ,Husky; ASUW Shell House,47.64791813,-122.2999433,"Accession No. 6421-001, Box 2, University of Washington Yacht Club records, Slide Box 2",image/jpeg,"University of Washington Libraries, Special Collections, UW42753.","Educational use includes non-commercial use of text and images in materials for teaching and research purposes. Digital reproduction rights granted by the University of Washington Libraries. For other uses beyond free use, please contact University of Washington Libraries, Special Collections. "
uw42754,uw42754.jpg,A14,Rudder Going In,unknown,1965-02,Photograph of a sailor putting the rudder in. ,Husky,47.64724297,-122.2999155,"Accession No. 6421-001, Box 2, University of Washington Yacht Club records, Slide Box 2",image/jpeg,"University of Washington Libraries, Special Collections, UW42754.","Educational use includes non-commercial use of text and images in materials for teaching and research purposes. Digital reproduction rights granted by the University of Washington Libraries. For other uses beyond free use, please contact University of Washington Libraries, Special Collections. "
uw42755,uw42755.jpg,A15,Block In,unknown,1965-02,Photograph of a sailor putting the block in the Husky sailboat. ,Husky,47.64724297,-122.2999155,"Accession No. 6421-001, Box 2, University of Washington Yacht Club records, Slide Box 2",image/jpeg,"University of Washington Libraries, Special Collections, UW42755.","Educational use includes non-commercial use of text and images in materials for teaching and research purposes. Digital reproduction rights granted by the University of Washington Libraries. For other uses beyond free use, please contact University of Washington Libraries, Special Collections. "
uw42756,uw42756.jpg,A16,Wedge In,unknown,1965-02,Photograph of a sailor putting the wedge in the Husky sailboat. ,Husky,47.64724297,-122.2999155,"Accession No. 6421-001, Box 2, University of Washington Yacht Club records, Slide Box 2",image/jpeg,"University of Washington Libraries, Special Collections, UW42756.","Educational use includes non-commercial use of text and images in materials for teaching and research purposes. Digital reproduction rights granted by the University of Washington Libraries. For other uses beyond free use, please contact University of Washington Libraries, Special Collections. "
uw42757,uw42757.jpg,A18,Jib Down Haul,unknown,1965-02,Photograph of a sailor fastening the jib downhaul. ,Husky,,,"Accession No. 6421-001, Box 2, University of Washington Yacht Club records, Slide Box 2",image/jpeg,"University of Washington Libraries, Special Collections, UW42757.","Educational use includes non-commercial use of text and images in materials for teaching and research purposes. Digital reproduction rights granted by the University of Washington Libraries. For other uses beyond free use, please contact University of Washington Libraries, Special Collections. "
uw42758,uw42758.jpg,A21,Husky with Mast Down in Union Bay,unknown,1965-02,Photograph of the Husky sailboat with the mast down in Union Bay,Husky,47.64844023,-122.2986209,"Accession No. 6421-001, Box 2, University of Washington Yacht Club records, Slide Box 2",image/jpeg,"University of Washington Libraries, Special Collections, UW42758.","Educational use includes non-commercial use of text and images in materials for teaching and research purposes. Digital reproduction rights granted by the University of Washington Libraries. For other uses beyond free use, please contact University of Washington Libraries, Special Collections. "
uw42759,uw42759.jpg,,Club Boat in the Opening Day Parade,unknown,1981-05,Photograph of a University of Washington Yacht Club in the Opening Day boat parade. ,,,,"Accession No. 6421-001, Box 2, University of Washington Yacht Club records, Slide Box 2",image/jpeg,"University of Washington Libraries, Special Collections, UW42759.","Educational use includes non-commercial use of text and images in materials for teaching and research purposes. Digital reproduction rights granted by the University of Washington Libraries. For other uses beyond free use, please contact University of Washington Libraries, Special Collections. "
uw42760,uw42760.jpg,,Sailing in Union Bay,unknown,1965-02,Photograph of a club sailboat with the Evergreen Point Floating Bridge in the background.,,47.65043738,-122.2876519,"Accession No. 6421-001, Box 2, University of Washington Yacht Club records, Slide Box 2",image/jpeg,"University of Washington Libraries, Special Collections, UW42760.","Educational use includes non-commercial use of text and images in materials for teaching and research purposes. Digital reproduction rights granted by the University of Washington Libraries. For other uses beyond free use, please contact University of Washington Libraries, Special Collections. "
uw42762,uw42762.jpg,,C-Lark in Union Bay,unknown,1965-02,Photograph of a C-Lark sailboat with the Evergreen Point Floating Bridge in the background.,C-Lark,47.65043738,-122.2876519,"Accession No. 6421-001, Box 2, University of Washington Yacht Club records, Slide Box 2",image/jpeg,"University of Washington Libraries, Special Collections, UW42762.","Educational use includes non-commercial use of text and images in materials for teaching and research purposes. Digital reproduction rights granted by the University of Washington Libraries. For other uses beyond free use, please contact University of Washington Libraries, Special Collections. "
uw42764,uw42764.jpg,,C-Lark in Union Bay,unknown,1965-02,Photograph of a C-Lark sailboat in Union Bay. ,C-Lark,47.65043738,-122.2876519,"Accession No. 6421-001, Box 2, University of Washington Yacht Club records, Slide Box 2",image/jpeg,"University of Washington Libraries, Special Collections, UW42764.","Educational use includes non-commercial use of text and images in materials for teaching and research purposes. Digital reproduction rights granted by the University of Washington Libraries. For other uses beyond free use, please contact University of Washington Libraries, Special Collections. "
uw42765,uw42765.jpg,,Sailing in Union Bay,unknown,1965-02,Photograph of a club sailboat with the Evergreen Point Floating Bridge in the background.,,47.65043738,-122.2876519,"Accession No. 6421-001, Box 2, University of Washington Yacht Club records, Slide Box 2",image/jpeg,"University of Washington Libraries, Special Collections, UW42765.","Educational use includes non-commercial use of text and images in materials for teaching and research purposes. Digital reproduction rights granted by the University of Washington Libraries. For other uses beyond free use, please contact University of Washington Libraries, Special Collections. "
uw42766,uw42766.jpg,,Sailboat on Lake Washington,unknown,1965-02,Photograph of a sailboat on Lake Washington. ,,47.64997456,-122.2595797,"Accession No. 6421-001, Box 2, University of Washington Yacht Club records, Slide Box 2",image/jpeg,"University of Washington Libraries, Special Collections, UW42766.","Educational use includes non-commercial use of text and images in materials for teaching and research purposes. Digital reproduction rights granted by the University of Washington Libraries. For other uses beyond free use, please contact University of Washington Libraries, Special Collections. "
uw42767,uw42767.jpg,,Sailing on Union Bay with Husky Stadium in the Background,unknown,circa 1960-1987,Photograph of three boats on Union Bay with Husky Stadium in the back. ,,47.65043738,-122.2876519,"Accession No. 6421-001, Box 2, University of Washington Yacht Club records, Slide Box 2",image/jpeg,"University of Washington Libraries, Special Collections, UW42767.","Educational use includes non-commercial use of text and images in materials for teaching and research purposes. Digital reproduction rights granted by the University of Washington Libraries. For other uses beyond free use, please contact University of Washington Libraries, Special Collections. "
uw42768,uw42768.jpg,,Sailing on Union Bay with Husky Stadium in the Background,unknown,circa 1960-1987,Photograph of sailboats on Union Bay with Husky Stadium in the back. ,,47.65043738,-122.2876519,"Accession No. 6421-001, Box 2, University of Washington Yacht Club records, Slide Box 2",image/jpeg,"University of Washington Libraries, Special Collections, UW42768.","Educational use includes non-commercial use of text and images in materials for teaching and research purposes. Digital reproduction rights granted by the University of Washington Libraries. For other uses beyond free use, please contact University of Washington Libraries, Special Collections. "
uw42771,uw42771.jpg,,Sailing on Union Bay with Husky Stadium in the Background,unknown,circa 1960-1987,Photograph of sailboats on Union Bay with Husky Stadium in the back. ,,47.65043738,-122.2876519,"Accession No. 6421-001, Box 2, University of Washington Yacht Club records, Slide Box 2",image/jpeg,"University of Washington Libraries, Special Collections, UW42771.","Educational use includes non-commercial use of text and images in materials for teaching and research purposes. Digital reproduction rights granted by the University of Washington Libraries. For other uses beyond free use, please contact University of Washington Libraries, Special Collections. "
uw42772,uw42772.jpg,,Sailing on a Rainy Day,unknown,1981-03,Photograph of a single-handed boat on Union Bay,,47.65043738,-122.2876519,"Accession No. 6421-001, Box 2, University of Washington Yacht Club records, Slide Box 2",image/jpeg,"University of Washington Libraries, Special Collections, UW42772.","Educational use includes non-commercial use of text and images in materials for teaching and research purposes. Digital reproduction rights granted by the University of Washington Libraries. For other uses beyond free use, please contact University of Washington Libraries, Special Collections. "
uw42773,uw42773.jpg,,Five Boats on Union Bay,unknown,1981-03,Photograph of five sailboats on Union Bay,,47.65043738,-122.2876519,"Accession No. 6421-001, Box 2, University of Washington Yacht Club records, Slide Box 2",image/jpeg,"University of Washington Libraries, Special Collections, UW42773.","Educational use includes non-commercial use of text and images in materials for teaching and research purposes. Digital reproduction rights granted by the University of Washington Libraries. For other uses beyond free use, please contact University of Washington Libraries, Special Collections. "
uw42774,uw42774.jpg,,Five Boats on Union Bay,unknown,1981-03,Photograph of five sailboats on Union Bay,,47.65043738,-122.2876519,"Accession No. 6421-001, Box 2, University of Washington Yacht Club records, Slide Box 2",image/jpeg,"University of Washington Libraries, Special Collections, UW42774.","Educational use includes non-commercial use of text and images in materials for teaching and research purposes. Digital reproduction rights granted by the University of Washington Libraries. For other uses beyond free use, please contact University of Washington Libraries, Special Collections. "
uw42777,uw42777.jpg,,C-Lark on Union Bay,unknown,1960-09,Photograph of a C-Lark on Union Bay,C-Lark,47.65043738,-122.2876519,"Accession No. 6421-001, Box 2, University of Washington Yacht Club records, Slide Box 2",image/jpeg,"University of Washington Libraries, Special Collections, UW42777.","Educational use includes non-commercial use of text and images in materials for teaching and research purposes. Digital reproduction rights granted by the University of Washington Libraries. For other uses beyond free use, please contact University of Washington Libraries, Special Collections. "
uw42778,uw42778.jpg,,Penguin Sailboats in Portage Bay,unknown,1965-02-20,Photograph of two Penguin sailboats in Portage Bay with the University Bridge and Ship Canal Bridge in the background. ,Penguin,47.648678,-122.315042,"Accession No. 6421-001, Box 2, University of Washington Yacht Club records, Slide Box 2",image/jpeg,"University of Washington Libraries, Special Collections, UW42778.","Educational use includes non-commercial use of text and images in materials for teaching and research purposes. Digital reproduction rights granted by the University of Washington Libraries. For other uses beyond free use, please contact University of Washington Libraries, Special Collections. "
uw42779,uw42779.jpg,,Penguin Sailboats in Portage Bay,unknown,1965-02-20,Photograph of two Penguin sailboats in Portage Bay. ,,47.648678,-122.315042,"Accession No. 6421-001, Box 2, University of Washington Yacht Club records, Slide Box 2",image/jpeg,"University of Washington Libraries, Special Collections, UW42779.","Educational use includes non-commercial use of text and images in materials for teaching and research purposes. Digital reproduction rights granted by the University of Washington Libraries. For other uses beyond free use, please contact University of Washington Libraries, Special Collections. "
uw42780,uw42780.jpg,,Penguin Sailboats in Portage Bay,unknown,1965-02-20,Photograph of two Penguin sailboats in Portage Bay. ,,47.648678,-122.315042,"Accession No. 6421-001, Box 2, University of Washington Yacht Club records, Slide Box 2",image/jpeg,"University of Washington Libraries, Special Collections, UW42780.","Educational use includes non-commercial use of text and images in materials for teaching and research purposes. Digital reproduction rights granted by the University of Washington Libraries. For other uses beyond free use, please contact University of Washington Libraries, Special Collections. "
uw42799,uw42799.jpg,,Sailing with Rudder Up,unknown,1980-02,Photograph of a sailboat with the rudder up. ,,,,"Accession No. 6421-001, Box 2, University of Washington Yacht Club records, Slide Box 2",image/jpeg,"University of Washington Libraries, Special Collections, UW42799.","Educational use includes non-commercial use of text and images in materials for teaching and research purposes. Digital reproduction rights granted by the University of Washington Libraries. For other uses beyond free use, please contact University of Washington Libraries, Special Collections. "
uw42800,uw42800.jpg,,Four Boats Sailing,unknown,1970-04,Photograph of four sailboats.,,,,"Accession No. 6421-001, Box 2, University of Washington Yacht Club records, Slide Box 2",image/jpeg,"University of Washington Libraries, Special Collections, UW42800.","Educational use includes non-commercial use of text and images in materials for teaching and research purposes. Digital reproduction rights granted by the University of Washington Libraries. For other uses beyond free use, please contact University of Washington Libraries, Special Collections. "
uw42801,uw42801.jpg,,Sailboats in Drumheller Fountain,unknown,1970-04,"Photograph of two sailboats in Drumheller Fountain, also known as ""Frosh Pond.""",,47.65396107,-122.3073047,"Accession No. 6421-001, Box 2, University of Washington Yacht Club records, Slide Box 2",image/jpeg,"University of Washington Libraries, Special Collections, UW42801.","Educational use includes non-commercial use of text and images in materials for teaching and research purposes. Digital reproduction rights granted by the University of Washington Libraries. For other uses beyond free use, please contact University of Washington Libraries, Special Collections. "
uw42803,uw42803.jpg,,Sailboats in Drumheller Fountain,unknown,1970-04,"Photograph of three sailboats in Drumheller Fountain, also known as ""Frosh Pond.""",,47.65396107,-122.3073047,"Accession No. 6421-001, Box 2, University of Washington Yacht Club records, Slide Box 2",image/jpeg,"University of Washington Libraries, Special Collections, UW42803.","Educational use includes non-commercial use of text and images in materials for teaching and research purposes. Digital reproduction rights granted by the University of Washington Libraries. For other uses beyond free use, please contact University of Washington Libraries, Special Collections. "
uw42807,uw42807.jpg,,Sailboats in Drumheller Fountain,unknown,1970-04,"Photograph of four sailboats in Drumheller Fountain, also known as ""Frosh Pond.""",,47.65396107,-122.3073047,"Accession No. 6421-001, Box 2, University of Washington Yacht Club records, Slide Box 2",image/jpeg,"University of Washington Libraries, Special Collections, UW42807.","Educational use includes non-commercial use of text and images in materials for teaching and research purposes. Digital reproduction rights granted by the University of Washington Libraries. For other uses beyond free use, please contact University of Washington Libraries, Special Collections. "
uw42808,uw42808.jpg,,Sailboats in Drumheller Fountain,unknown,1970-04,"Photograph of three sailboats in Drumheller Fountain, also known as ""Frosh Pond.""",,47.65396107,-122.3073047,"Accession No. 6421-001, Box 2, University of Washington Yacht Club records, Slide Box 2",image/jpeg,"University of Washington Libraries, Special Collections, UW42808.","Educational use includes non-commercial use of text and images in materials for teaching and research purposes. Digital reproduction rights granted by the University of Washington Libraries. For other uses beyond free use, please contact University of Washington Libraries, Special Collections. "
uw42809,uw42809.jpg,,Sailboats in Drumheller Fountain,unknown,1970-04,"Photograph of a capsized sailboat in Drumheller Fountain, also known as ""Frosh Pond.""",,47.65396107,-122.3073047,"Accession No. 6421-001, Box 2, University of Washington Yacht Club records, Slide Box 2",image/jpeg,"University of Washington Libraries, Special Collections, UW42809.","Educational use includes non-commercial use of text and images in materials for teaching and research purposes. Digital reproduction rights granted by the University of Washington Libraries. For other uses beyond free use, please contact University of Washington Libraries, Special Collections. "
uw42810,uw42810.jpg,,Sailboat in Drumheller Fountain,unknown,1981-01,"Photograph of a sailboat in Drumheller Fountain, also known as ""Frosh Pond.""",,47.65396107,-122.3073047,"Accession No. 6421-001, Box 2, University of Washington Yacht Club records, Slide Box 2",image/jpeg,"University of Washington Libraries, Special Collections, UW42810.","Educational use includes non-commercial use of text and images in materials for teaching and research purposes. Digital reproduction rights granted by the University of Washington Libraries. For other uses beyond free use, please contact University of Washington Libraries, Special Collections. "
uw42811,uw42811.jpg,,HIking Out ,unknown,,Photograph of two sailboats. ,International 420,,,"Accession No. 6421-001, Box 2, University of Washington Yacht Club records, Slide Box 2",image/jpeg,"University of Washington Libraries, Special Collections, UW42811.","Educational use includes non-commercial use of text and images in materials for teaching and research purposes. Digital reproduction rights granted by the University of Washington Libraries. For other uses beyond free use, please contact University of Washington Libraries, Special Collections. "
uw42812,uw42812.jpg,,Three International 420 Sailboats,unknown,,Photograph of three International 420 sailboats. ,International 420,,,"Accession No. 6421-001, Box 2, University of Washington Yacht Club records, Slide Box 2",image/jpeg,"University of Washington Libraries, Special Collections, UW42812.","Educational use includes non-commercial use of text and images in materials for teaching and research purposes. Digital reproduction rights granted by the University of Washington Libraries. For other uses beyond free use, please contact University of Washington Libraries, Special Collections. "
uw42815,uw42815.jpg,,Three International 420 Sailboats,unknown,,Photograph of three International 420 sailboats. ,International 420,,,"Accession No. 6421-001, Box 2, University of Washington Yacht Club records, Slide Box 2",image/jpeg,"University of Washington Libraries, Special Collections, UW42815.","Educational use includes non-commercial use of text and images in materials for teaching and research purposes. Digital reproduction rights granted by the University of Washington Libraries. For other uses beyond free use, please contact University of Washington Libraries, Special Collections. "
uw42816,uw42816.jpg,,International 420 Sailboat,unknown,,Photograph of an International 420 sailboat. ,International 420,,,"Accession No. 6421-001, Box 2, University of Washington Yacht Club records, Slide Box 2",image/jpeg,"University of Washington Libraries, Special Collections, UW42816.","Educational use includes non-commercial use of text and images in materials for teaching and research purposes. Digital reproduction rights granted by the University of Washington Libraries. For other uses beyond free use, please contact University of Washington Libraries, Special Collections. "
uw42818,uw42818.jpg,,Two International 420 Sailboats,unknown,,Photograph of two International 420 sailboats.,International 420,,,"Accession No. 6421-001, Box 2, University of Washington Yacht Club records, Slide Box 2",image/jpeg,"University of Washington Libraries, Special Collections, UW42818.","Educational use includes non-commercial use of text and images in materials for teaching and research purposes. Digital reproduction rights granted by the University of Washington Libraries. For other uses beyond free use, please contact University of Washington Libraries, Special Collections. "
uw42820,uw42820.jpg,,Mount Rainier and Sailboat,unknown,,Photograph of a sailboat with Mount Rainier in the background. ,,,,"Accession No. 6421-001, Box 2, University of Washington Yacht Club records, Slide Box 2",image/jpeg,"University of Washington Libraries, Special Collections, UW42820.","Educational use includes non-commercial use of text and images in materials for teaching and research purposes. Digital reproduction rights granted by the University of Washington Libraries. For other uses beyond free use, please contact University of Washington Libraries, Special Collections. "
uw42821,uw42821.jpg,,Six Sailboats,unknown,,Photograph of six sailboats in Union Bay,,47.65043738,-122.2876519,"Accession No. 6421-001, Box 2, University of Washington Yacht Club records, Slide Box 2",image/jpeg,"University of Washington Libraries, Special Collections, UW42821.","Educational use includes non-commercial use of text and images in materials for teaching and research purposes. Digital reproduction rights granted by the University of Washington Libraries. For other uses beyond free use, please contact University of Washington Libraries, Special Collections. "
uw42822,uw42822.jpg,,Lightning Sailboat,unknown,,Photograph of a Lightning sailboat. ,Lightning,,,"Accession No. 6421-001, Box 2, University of Washington Yacht Club records, Slide Box 2",image/jpeg,"University of Washington Libraries, Special Collections, UW42822.","Educational use includes non-commercial use of text and images in materials for teaching and research purposes. Digital reproduction rights granted by the University of Washington Libraries. For other uses beyond free use, please contact University of Washington Libraries, Special Collections. "
uw42823,uw42823.jpg,,View of Cockpit,unknown,,Photograph of the cockpit of a sailboat. ,,,,"Accession No. 6421-001, Box 2, University of Washington Yacht Club records, Slide Box 2",image/jpeg,"University of Washington Libraries, Special Collections, UW42823.","Educational use includes non-commercial use of text and images in materials for teaching and research purposes. Digital reproduction rights granted by the University of Washington Libraries. For other uses beyond free use, please contact University of Washington Libraries, Special Collections. "
uw42824,uw42824.jpg,,C-Lark,unknown,1965-03,Photograph of a C-Lark sailboat. ,C-Lark,,,"Accession No. 6421-001, Box 2, University of Washington Yacht Club records, Slide Box 2",image/jpeg,"University of Washington Libraries, Special Collections, UW42824.","Educational use includes non-commercial use of text and images in materials for teaching and research purposes. Digital reproduction rights granted by the University of Washington Libraries. For other uses beyond free use, please contact University of Washington Libraries, Special Collections. "
uw42825,uw42825.jpg,,International 420 Sailboat,unknown,,Photograph of International 420 sailboats. ,International 420,,,"Accession No. 6421-001, Box 2, University of Washington Yacht Club records, Slide Box 2",image/jpeg,"University of Washington Libraries, Special Collections, UW42825.","Educational use includes non-commercial use of text and images in materials for teaching and research purposes. Digital reproduction rights granted by the University of Washington Libraries. For other uses beyond free use, please contact University of Washington Libraries, Special Collections. "
uw42827,uw42827.jpg,,International 420 Sailboat,unknown,,Photograph of an International 420 sailboat. ,International 420,,,"Accession No. 6421-001, Box 2, University of Washington Yacht Club records, Slide Box 2",image/jpeg,"University of Washington Libraries, Special Collections, UW42827.","Educational use includes non-commercial use of text and images in materials for teaching and research purposes. Digital reproduction rights granted by the University of Washington Libraries. For other uses beyond free use, please contact University of Washington Libraries, Special Collections. "
uw42829,uw42829.jpg,,Club Fleet at Waterfront Activities Center,unknown,,Photograph of rigged boats at the Waterfront Activities Center,,47.6485726,-122.2993765,"Accession No. 6421-001, Box 2, University of Washington Yacht Club records, Slide Box 2",image/jpeg,"University of Washington Libraries, Special Collections, UW42829.","Educational use includes non-commercial use of text and images in materials for teaching and research purposes. Digital reproduction rights granted by the University of Washington Libraries. For other uses beyond free use, please contact University of Washington Libraries, Special Collections. "
uw42830,uw42830.jpg,,Rigging Boats,unknown,1988-02,Photograph of people rigging boats on the dock. ,,47.6485726,-122.2993765,"Accession No. 6421-001, Box 2, University of Washington Yacht Club records, Slide Box 2",image/jpeg,"University of Washington Libraries, Special Collections, UW42830.","Educational use includes non-commercial use of text and images in materials for teaching and research purposes. Digital reproduction rights granted by the University of Washington Libraries. For other uses beyond free use, please contact University of Washington Libraries, Special Collections. "
uw42834,uw42834.jpg,,Opening Day at the Montlake Cut,unknown,1981-05,Photograph of the boat parade on Opening Day. ,,47.64724037,-122.3029846,"Accession No. 6421-001, Box 2, University of Washington Yacht Club records, Slide Box 2",image/jpeg,"University of Washington Libraries, Special Collections, UW42834.","Educational use includes non-commercial use of text and images in materials for teaching and research purposes. Digital reproduction rights granted by the University of Washington Libraries. For other uses beyond free use, please contact University of Washington Libraries, Special Collections. "
uw42835,uw42835.jpg,,Opening Day Boat Decoration,"Ralph, Jackson",1974-05-04,Photograph of a club sailboat decorated for the Opening Day parade. ,,47.64724037,-122.3029846,"Accession No. 6421-001, Box 2, University of Washington Yacht Club records, Slide Box 2",image/jpeg,"University of Washington Libraries, Special Collections, UW42835.","Educational use includes non-commercial use of text and images in materials for teaching and research purposes. Digital reproduction rights granted by the University of Washington Libraries. For other uses beyond free use, please contact University of Washington Libraries, Special Collections. "
uw42837,uw42837.jpg,,ASUW Shell House Decorated,"Ralph, Jackson",1968-05,"Photograph of the ASUW Shell House with signs hanging that say ""UWYC 20 Years Survival 1948-1968."" Displayed for the Opening Day boat parade.  ",ASUW Shell House,47.64791813,-122.2999433,"Accession No. 6421-001, Box 2, University of Washington Yacht Club records, Slide Box 2",image/jpeg,"University of Washington Libraries, Special Collections, UW42837.","Educational use includes non-commercial use of text and images in materials for teaching and research purposes. Digital reproduction rights granted by the University of Washington Libraries. For other uses beyond free use, please contact University of Washington Libraries, Special Collections. "
uw42838,uw42838.jpg,,Boat Parade ,"Ralph, Jackson",1974-05-04,Photograph of the Opening Day boat parade from inside a boat. ,,47.64724037,-122.3029846,"Accession No. 6421-001, Box 2, University of Washington Yacht Club records, Slide Box 2",image/jpeg,"University of Washington Libraries, Special Collections, UW42838.","Educational use includes non-commercial use of text and images in materials for teaching and research purposes. Digital reproduction rights granted by the University of Washington Libraries. For other uses beyond free use, please contact University of Washington Libraries, Special Collections. "
uw42839,uw42839.jpg,,Boat Decoration,"Ralph, Jackson",1974-05-04,Photograph of the yellow rubber duck boat decoration in progress. ,,,,"Accession No. 6421-001, Box 2, University of Washington Yacht Club records, Slide Box 2",image/jpeg,"University of Washington Libraries, Special Collections, UW42839.","Educational use includes non-commercial use of text and images in materials for teaching and research purposes. Digital reproduction rights granted by the University of Washington Libraries. For other uses beyond free use, please contact University of Washington Libraries, Special Collections. "
uw42840,uw42840.jpg,,Inside the ASUW Shell House,"Ralph, Jackson",1974-05-04,Photograph of boat storage and workshop inside the ASUW Shell House. ,,47.64791813,-122.2999433,"Accession No. 6421-001, Box 2, University of Washington Yacht Club records, Slide Box 2",image/jpeg,"University of Washington Libraries, Special Collections, UW42840.","Educational use includes non-commercial use of text and images in materials for teaching and research purposes. Digital reproduction rights granted by the University of Washington Libraries. For other uses beyond free use, please contact University of Washington Libraries, Special Collections. "
uw42841,uw42841.jpg,,Lil' Toot,"Ralph, Jackson",1974-05-04,Photograph of the Lil' Toot decorated boat on Opening Day. ,,47.64724037,-122.3029846,"Accession No. 6421-001, Box 2, University of Washington Yacht Club records, Slide Box 2",image/jpeg,"University of Washington Libraries, Special Collections, UW42841.","Educational use includes non-commercial use of text and images in materials for teaching and research purposes. Digital reproduction rights granted by the University of Washington Libraries. For other uses beyond free use, please contact University of Washington Libraries, Special Collections. "
uw42842,uw42842.jpg,,Lil' Toot,"Ralph, Jackson",1974-05-04,Photograph of the Lil' Toot decorated boat on Opening Day. ,,47.64724037,-122.3029846,"Accession No. 6421-001, Box 2, University of Washington Yacht Club records, Slide Box 2",image/jpeg,"University of Washington Libraries, Special Collections, UW42842.","Educational use includes non-commercial use of text and images in materials for teaching and research purposes. Digital reproduction rights granted by the University of Washington Libraries. For other uses beyond free use, please contact University of Washington Libraries, Special Collections. "
uw42843,uw42843.jpg,,Lil' Toot,"Ralph, Jackson",1974-05-04,Photograph of the Lil' Toot decorated boat on Opening Day. ,,47.64724037,-122.3029846,"Accession No. 6421-001, Box 2, University of Washington Yacht Club records, Slide Box 2",image/jpeg,"University of Washington Libraries, Special Collections, UW42843.","Educational use includes non-commercial use of text and images in materials for teaching and research purposes. Digital reproduction rights granted by the University of Washington Libraries. For other uses beyond free use, please contact University of Washington Libraries, Special Collections. "
uw42844,uw42844.jpg,,Husky,unknown,1964,Photograph of a Husky sailboat. ,,,,"Accession No. 6421-001, Box 2, University of Washington Yacht Club records, Slide Box 2",image/jpeg,"University of Washington Libraries, Special Collections, UW42844.","Educational use includes non-commercial use of text and images in materials for teaching and research purposes. Digital reproduction rights granted by the University of Washington Libraries. For other uses beyond free use, please contact University of Washington Libraries, Special Collections. "
uw42846,uw42846.jpg,,C-Lark in Union Bay,unknown,1960-09,Photograph of a C-Lark in Union Bay,C-Lark,47.65043738,-122.2876519,"Accession No. 6421-001, Box 2, University of Washington Yacht Club records, Slide Box 2",image/jpeg,"University of Washington Libraries, Special Collections, UW42846.","Educational use includes non-commercial use of text and images in materials for teaching and research purposes. Digital reproduction rights granted by the University of Washington Libraries. For other uses beyond free use, please contact University of Washington Libraries, Special Collections. "
uw42847,uw42847.jpg,,C-Lark in Union Bay,unknown,1960-09,Photograph of a C-Lark in Union Bay,C-Lark,47.65043738,-122.2876519,"Accession No. 6421-001, Box 2, University of Washington Yacht Club records, Slide Box 2",image/jpeg,"University of Washington Libraries, Special Collections, UW42847.","Educational use includes non-commercial use of text and images in materials for teaching and research purposes. Digital reproduction rights granted by the University of Washington Libraries. For other uses beyond free use, please contact University of Washington Libraries, Special Collections. "
uw42848,uw42848.jpg,,Kite in Union Bay,unknown,1960-09,Photograph of a Kite sailboat in Union Bay. ,Kite,47.65043738,-122.2876519,"Accession No. 6421-001, Box 2, University of Washington Yacht Club records, Slide Box 2",image/jpeg,"University of Washington Libraries, Special Collections, UW42848.","Educational use includes non-commercial use of text and images in materials for teaching and research purposes. Digital reproduction rights granted by the University of Washington Libraries. For other uses beyond free use, please contact University of Washington Libraries, Special Collections. "
uw42849,uw42849.jpg,,C-Lark in Union Bay,unknown,1960-09,Photograph of a C-Lark in Union Bay,C-Lark,47.65043738,-122.2876519,"Accession No. 6421-001, Box 2, University of Washington Yacht Club records, Slide Box 2",image/jpeg,"University of Washington Libraries, Special Collections, UW42849.","Educational use includes non-commercial use of text and images in materials for teaching and research purposes. Digital reproduction rights granted by the University of Washington Libraries. For other uses beyond free use, please contact University of Washington Libraries, Special Collections. "
uw42856,uw42856.jpg,,Club Sailboats in the Ballard (Hiram M. Chittenden) Locks,unknown,,Photograph of club sailboats in the Ballard (Hiram M. Chittenden) Locks. ,,47.6655982,-122.3968405,"Accession No. 6421-001, Box 2, University of Washington Yacht Club records, Slide Box 2",image/jpeg,"University of Washington Libraries, Special Collections, UW42856.","Educational use includes non-commercial use of text and images in materials for teaching and research purposes. Digital reproduction rights granted by the University of Washington Libraries. For other uses beyond free use, please contact University of Washington Libraries, Special Collections. "
uw42857,uw42857.jpg,,Boats in Tow,"Ralph, Jackson",1966-11,Photograph of boats in tow on the Lake Washington Ship Canal. ,,,,"Accession No. 6421-001, Box 2, University of Washington Yacht Club records, Slide Box 2",image/jpeg,"University of Washington Libraries, Special Collections, UW42857.","Educational use includes non-commercial use of text and images in materials for teaching and research purposes. Digital reproduction rights granted by the University of Washington Libraries. For other uses beyond free use, please contact University of Washington Libraries, Special Collections. "
uw42858,uw42858.jpg,,Lake Washington Ship Canal,unknown,,Photograph of boats in the Lake Washington Ship Canal. ,,47.6655982,-122.3968405,"Accession No. 6421-001, Box 2, University of Washington Yacht Club records, Slide Box 2",image/jpeg,"University of Washington Libraries, Special Collections, UW42858.","Educational use includes non-commercial use of text and images in materials for teaching and research purposes. Digital reproduction rights granted by the University of Washington Libraries. For other uses beyond free use, please contact University of Washington Libraries, Special Collections. "
uw42859,uw42859.jpg,,Boats in Tow in Salmon Bay,unknown,,Photograph of two boats in Salmon Bay. ,,47.66398773,-122.3871019,"Accession No. 6421-001, Box 2, University of Washington Yacht Club records, Slide Box 2",image/jpeg,"University of Washington Libraries, Special Collections, UW42859.","Educational use includes non-commercial use of text and images in materials for teaching and research purposes. Digital reproduction rights granted by the University of Washington Libraries. For other uses beyond free use, please contact University of Washington Libraries, Special Collections. "
uw42867,uw42867.jpg,,Hanging off a Line,unknown,,Photograph of a person hanging off a line. ,,,,"Accession No. 6421-001, Box 2, University of Washington Yacht Club records, Slide Box 2",image/jpeg,"University of Washington Libraries, Special Collections, UW42867.","Educational use includes non-commercial use of text and images in materials for teaching and research purposes. Digital reproduction rights granted by the University of Washington Libraries. For other uses beyond free use, please contact University of Washington Libraries, Special Collections. "
uw42868,uw42868.jpg,,Sailboats in the Ballard (Hiram M. Chittenden) Locks,unknown,,Photograph of club sailboats in the Ballard (Hiram M. Chittenden) Locks. ,,47.6655982,-122.3968405,"Accession No. 6421-001, Box 2, University of Washington Yacht Club records, Slide Box 2",image/jpeg,"University of Washington Libraries, Special Collections, UW42868.","Educational use includes non-commercial use of text and images in materials for teaching and research purposes. Digital reproduction rights granted by the University of Washington Libraries. For other uses beyond free use, please contact University of Washington Libraries, Special Collections. "